nation,Location,Years,Inf_Mortality
n001,Afghanistan,1995-2000,96.17
n002,Albania,1995-2000,26.33
n003,Algeria,1995-2000,37.83
n004,Angola,1995-2000,142.14
n005,Antigua and Barbuda,1995-2000,15.13
n006,Argentina,1995-2000,19.73
n007,Armenia,1995-2000,34.87
n008,Aruba (Netherlands),1995-2000,18.29
n009,Australia,1995-2000,5.46
n010,Austria,1995-2000,4.74
n011,Azerbaijan,1995-2000,64.44
n012,Bahamas,1995-2000,14.15
n013,Bahrain,1995-2000,12.25
n014,Bangladesh,1995-2000,70.3
n015,Barbados,1995-2000,12.32
n016,Belarus,1995-2000,14.89
n017,Belgium,1995-2000,5.26
n018,Belize,1995-2000,23.01
n019,Benin,1995-2000,93.32
n020,Bhutan,1995-2000,61.71
n021,Bolivia,1995-2000,66.28
n022,Bosnia and Herzegovina,1995-2000,11.14
n023,Botswana,1995-2000,56.43
n024,Brazil,1995-2000,32.34
n025,Brunei,1995-2000,9.88
n026,Bulgaria,1995-2000,15.24
n027,Burkina Faso,1995-2000,99.47
n028,Burundi,1995-2000,103.05
n029,Cambodia,1995-2000,86.3
n030,Cameroon,1995-2000,105.85
n031,Canada,1995-2000,5.36
n032,Cape Verde,1995-2000,36.86
n033,Central African Republic,1995-2000,109.79
n034,Chad,1995-2000,114.13
n035,Chile,1995-2000,11.08
n036,China,1995-2000,35.06
n037,Colombia,1995-2000,22.46
n038,Comoros,1995-2000,74
n039,Congo,1995-2000,74.47
n040,Costa Rica,1995-2000,12.37
n041,Croatia,1995-2000,7.11
n042,Cuba,1995-2000,7.98
n043,Curaçao (Netherlands),1995-2000,15.21
n044,Cyprus,1995-2000,7.15
n045,Czech Republic,1995-2000,5.47
n046,Denmark,1995-2000,4.92
n047,Djibouti,1995-2000,71.75
n048,Dominican Republic,1995-2000,41.27
n049,DR Congo,1995-2000,112.82
n050,Ecuador,1995-2000,31.17
n051,Egypt,1995-2000,36.68
n052,El Salvador,1995-2000,29.1
n053,Equatorial Guinea,1995-2000,105.7
n054,Eritrea,1995-2000,71.12
n055,Estonia,1995-2000,11.97
n056,Eswatini,1995-2000,76.42
n057,Ethiopia,1995-2000,96.61
n058,Federated States of Micronesia,1995-2000,42.83
n059,Fiji,1995-2000,19.66
n060,Finland,1995-2000,3.84
n061,France,1995-2000,4.71
n062,French Guiana (France),1995-2000,16.89
n063,French Polynesia (France),1995-2000,10.17
n064,Gabon,1995-2000,61.59
n065,Gambia,1995-2000,67.08
n066,Georgia,1995-2000,34.91
n067,Germany,1995-2000,4.76
n068,Ghana,1995-2000,66.9
n069,Greece,1995-2000,6.61
n070,Grenada,1995-2000,14.01
n071,Guadeloupe (France),1995-2000,10.98
n072,Guam (US),1995-2000,17.03
n073,Guatemala,1995-2000,44.93
n074,Guinea,1995-2000,111.65
n075,Guinea-Bissau,1995-2000,114.74
n076,Guyana,1995-2000,40.51
n077,Haiti,1995-2000,79.35
n078,Honduras,1995-2000,35.02
n079,Hong Kong (China),1995-2000,3.6
n080,Hungary,1995-2000,9.59
n081,Iceland,1995-2000,3.71
n082,India,1995-2000,71.25
n083,Indonesia,1995-2000,45.48
n084,Iran,1995-2000,31.87
n085,Iraq,1995-2000,37.45
n086,Ireland,1995-2000,6.09
n087,Israel,1995-2000,6.18
n088,Italy,1995-2000,5.48
n089,Ivory Coast,1995-2000,99.26
n090,Jamaica,1995-2000,20.46
n091,Japan,1995-2000,3.66
n092,Jersey  Channel Islands (UK),1995-2000,10.33
n093,Jordan,1995-2000,25.57
n094,Kazakhstan,1995-2000,43.51
n095,Kenya,1995-2000,70.97
n096,Kiribati,1995-2000,58.4
n097,Kuwait,1995-2000,11.65
n098,Kyrgyzstan,1995-2000,48.24
n099,Laos,1995-2000,83.16
n100,Latvia,1995-2000,15.72
n101,Lebanon,1995-2000,18.84
n102,Lesotho,1995-2000,73.1
n103,Liberia,1995-2000,135.94
n104,Libya,1995-2000,26.47
n105,Lithuania,1995-2000,11.01
n106,Luxembourg,1995-2000,4.86
n107,Macau (China),1995-2000,6.4
n108,Madagascar,1995-2000,77.73
n109,Malawi,1995-2000,106.24
n110,Malaysia,1995-2000,9.91
n111,Maldives,1995-2000,44.36
n112,Mali,1995-2000,121.16
n113,Malta,1995-2000,6.91
n114,Martinique (France),1995-2000,10.78
n115,Mauritania,1995-2000,69.71
n116,Mauritius,1995-2000,19.7
n117,Mayotte (France),1995-2000,10.3
n118,Mexico,1995-2000,24.98
n119,Moldova,1995-2000,24.46
n120,Mongolia,1995-2000,53.98
n121,Montenegro,1995-2000,11.58
n122,Morocco,1995-2000,44.02
n123,Mozambique,1995-2000,121.33
n124,Myanmar,1995-2000,65.13
n125,Namibia,1995-2000,50.73
n126,Nepal,1995-2000,68.42
n127,Netherlands,1995-2000,5.28
n128,New Caledonia (France),1995-2000,20.54
n129,New Zealand,1995-2000,6.2
n130,Nicaragua,1995-2000,33.55
n131,Niger,1995-2000,102.62
n132,Nigeria,1995-2000,118.5
n133,North Korea,1995-2000,57.81
n134,North Macedonia,1995-2000,18.43
n135,Norway,1995-2000,3.98
n136,Oman,1995-2000,21.7
n137,Pakistan,1995-2000,91.75
n138,Palestinian Authority,1995-2000,27.34
n139,Panama,1995-2000,23.28
n140,Papua New Guinea,1995-2000,60.62
n141,Paraguay,1995-2000,30.07
n142,Peru,1995-2000,36.18
n143,Philippines,1995-2000,31.1
n144,Poland,1995-2000,10.11
n145,Portugal,1995-2000,6.37
n146,Puerto Rico (US),1995-2000,10.95
n147,Qatar,1995-2000,11.87
n148,Réunion (France),1995-2000,10.3
n149,Romania,1995-2000,20.28
n150,Russia,1995-2000,20.96
n151,Rwanda,1995-2000,122.28
n152,Saint Lucia,1995-2000,16.17
n153,Saint Vincent and the Grenadines,1995-2000,19.35
n154,Samoa,1995-2000,19.58
n155,São Tomé and Príncipe,1995-2000,71.35
n156,Saudi Arabia,1995-2000,21.75
n157,Senegal,1995-2000,68.24
n158,Serbia,1995-2000,16.09
n159,Seychelles,1995-2000,11.9
n160,Sierra Leone,1995-2000,157.07
n161,Singapore,1995-2000,3.73
n162,Slovakia,1995-2000,9.03
n163,Slovenia,1995-2000,4.91
n164,Solomon Islands,1995-2000,26.35
n165,Somalia,1995-2000,105.01
n166,South Africa,1995-2000,47.25
n167,South Korea,1995-2000,6.9
n168,South Sudan,1995-2000,113.78
n169,Spain,1995-2000,4.94
n170,Sri Lanka,1995-2000,16.2
n171,Sudan,1995-2000,70.1
n172,Suriname,1995-2000,32.83
n173,Sweden,1995-2000,3.57
n174,Switzerland,1995-2000,4.78
n175,Syria,1995-2000,21.25
n176,Taiwan,1995-2000,6.8
n177,Tajikistan,1995-2000,78.59
n178,Tanzania,1995-2000,92.23
n179,Thailand,1995-2000,20.89
n180,Timor-Leste,1995-2000,89.79
n181,Togo,1995-2000,80.18
n182,Tonga,1995-2000,15.56
n183,Trinidad and Tobago,1995-2000,28.55
n184,Tunisia,1995-2000,28.67
n185,Turkey,1995-2000,36.99
n186,Turkmenistan,1995-2000,67.55
n187,U.S. Virgin Islands (US),1995-2000,13.15
n188,Uganda,1995-2000,93.51
n189,Ukraine,1995-2000,16.62
n190,United Arab Emirates,1995-2000,10.45
n191,United Kingdom,1995-2000,5.84
n192,United States,1995-2000,7.44
n193,Uruguay,1995-2000,15.58
n194,Uzbekistan,1995-2000,54.78
n195,Vanuatu,1995-2000,24.76
n196,Venezuela,1995-2000,20.43
n197,Vietnam,1995-2000,27.79
n198,Western Sahara (disputed),1995-2000,64.39
n199,Yemen,1995-2000,74.88
n200,Zambia,1995-2000,108.83
n201,Zimbabwe,1995-2000,69.98
n001,Afghanistan,2015-2020,51.71
n002,Albania,2015-2020,8.03
n003,Algeria,2015-2020,21.24
n004,Angola,2015-2020,61.46
n005,Antigua and Barbuda,2015-2020,5.2
n006,Argentina,2015-2020,10.23
n007,Armenia,2015-2020,10.78
n008,Aruba (Netherlands),2015-2020,13.61
n009,Australia,2015-2020,3.11
n010,Austria,2015-2020,3.15
n011,Azerbaijan,2015-2020,20.83
n012,Bahamas,2015-2020,5.88
n013,Bahrain,2015-2020,5.97
n014,Bangladesh,2015-2020,26.85
n015,Barbados,2015-2020,10.04
n016,Belarus,2015-2020,2.97
n017,Belgium,2015-2020,2.83
n018,Belize,2015-2020,12.81
n019,Benin,2015-2020,61.15
n020,Bhutan,2015-2020,24.06
n021,Bolivia,2015-2020,29.71
n022,Bosnia and Herzegovina,2015-2020,6
n023,Botswana,2015-2020,30.15
n024,Brazil,2015-2020,12.52
n025,Brunei,2015-2020,7.92
n026,Bulgaria,2015-2020,6.29
n027,Burkina Faso,2015-2020,54.21
n028,Burundi,2015-2020,42.44
n029,Cambodia,2015-2020,23.72
n030,Cameroon,2015-2020,61.18
n031,Canada,2015-2020,4.51
n032,Cape Verde,2015-2020,16.89
n033,Central African Republic,2015-2020,81.9
n034,Chad,2015-2020,74.5
n035,Chile,2015-2020,6.72
n036,China,2015-2020,9.89
n037,Colombia,2015-2020,12.64
n038,Comoros,2015-2020,53.1
n039,Congo,2015-2020,35.29
n040,Costa Rica,2015-2020,7.32
n041,Croatia,2015-2020,4
n042,Cuba,2015-2020,4.49
n043,Curaçao (Netherlands),2015-2020,9.05
n044,Cyprus,2015-2020,3.54
n045,Czech Republic,2015-2020,2.27
n046,Denmark,2015-2020,3.13
n047,Djibouti,2015-2020,33.36
n048,Dominican Republic,2015-2020,25.85
n049,DR Congo,2015-2020,64.92
n050,Ecuador,2015-2020,13.6
n051,Egypt,2015-2020,15.61
n052,El Salvador,2015-2020,14.57
n053,Equatorial Guinea,2015-2020,66.13
n054,Eritrea,2015-2020,34.72
n055,Estonia,2015-2020,1.99
n056,Eswatini,2015-2020,41.36
n057,Ethiopia,2015-2020,37
n058,Federated States of Micronesia,2015-2020,23.49
n059,Fiji,2015-2020,20.32
n060,Finland,2015-2020,1.71
n061,France,2015-2020,3.03
n062,French Guiana (France),2015-2020,8.7
n063,French Polynesia (France),2015-2020,6.66
n064,Gabon,2015-2020,35.28
n065,Gambia,2015-2020,44.83
n066,Georgia,2015-2020,9.37
n067,Germany,2015-2020,3.19
n068,Ghana,2015-2020,35.63
n069,Greece,2015-2020,2.82
n070,Grenada,2015-2020,14.99
n071,Guadeloupe (France),2015-2020,4.64
n072,Guam (US),2015-2020,8.69
n073,Guatemala,2015-2020,20.74
n074,Guinea,2015-2020,51.64
n075,Guinea-Bissau,2015-2020,57.12
n076,Guyana,2015-2020,26.76
n077,Haiti,2015-2020,54.3
n078,Honduras,2015-2020,15.04
n079,Hong Kong (China),2015-2020,1.32
n080,Hungary,2015-2020,4.05
n081,Iceland,2015-2020,1.25
n082,India,2015-2020,32
n083,Indonesia,2015-2020,18.91
n084,Iran,2015-2020,12.82
n085,Iraq,2015-2020,24.11
n086,Ireland,2015-2020,2.7
n087,Israel,2015-2020,2.73
n088,Italy,2015-2020,2.6
n089,Ivory Coast,2015-2020,60.42
n090,Jamaica,2015-2020,11.78
n091,Japan,2015-2020,1.76
n092,Jersey  Channel Islands (UK),2015-2020,6.12
n093,Jordan,2015-2020,14.63
n094,Kazakhstan,2015-2020,7.67
n095,Kenya,2015-2020,36.34
n096,Kiribati,2015-2020,42.98
n097,Kuwait,2015-2020,7.12
n098,Kyrgyzstan,2015-2020,15.51
n099,Laos,2015-2020,38.76
n100,Latvia,2015-2020,3.34
n101,Lebanon,2015-2020,9.42
n102,Lesotho,2015-2020,62.25
n103,Liberia,2015-2020,54.06
n104,Libya,2015-2020,10.53
n105,Lithuania,2015-2020,4.04
n106,Luxembourg,2015-2020,2.87
n107,Macau (China),2015-2020,2.62
n108,Madagascar,2015-2020,29.04
n109,Malawi,2015-2020,41.33
n110,Malaysia,2015-2020,5.9
n111,Maldives,2015-2020,6.77
n112,Mali,2015-2020,65.8
n113,Malta,2015-2020,4.97
n114,Martinique (France),2015-2020,5.57
n115,Mauritania,2015-2020,53.44
n116,Mauritius,2015-2020,11.22
n117,Mayotte (France),2015-2020,4.2
n118,Mexico,2015-2020,13.51
n119,Moldova,2015-2020,12.37
n120,Mongolia,2015-2020,18.09
n121,Montenegro,2015-2020,2.76
n122,Morocco,2015-2020,19.86
n123,Mozambique,2015-2020,53.91
n124,Myanmar,2015-2020,38.4
n125,Namibia,2015-2020,33.38
n126,Nepal,2015-2020,27.93
n127,Netherlands,2015-2020,2.51
n128,New Caledonia (France),2015-2020,11.51
n129,New Zealand,2015-2020,3.8
n130,Nicaragua,2015-2020,16.78
n131,Niger,2015-2020,46.31
n132,Nigeria,2015-2020,62.14
n133,North Korea,2015-2020,13.9
n134,North Macedonia,2015-2020,10.69
n135,Norway,2015-2020,2.07
n136,Oman,2015-2020,7.27
n137,Pakistan,2015-2020,61.33
n138,Palestinian Authority,2015-2020,17.46
n139,Panama,2015-2020,13.73
n140,Papua New Guinea,2015-2020,41.95
n141,Paraguay,2015-2020,19.02
n142,Peru,2015-2020,12.79
n143,Philippines,2015-2020,19.66
n144,Poland,2015-2020,3.28
n145,Portugal,2015-2020,2.96
n146,Puerto Rico (US),2015-2020,5.45
n147,Qatar,2015-2020,6.29
n148,Réunion (France),2015-2020,2.67
n149,Romania,2015-2020,6.68
n150,Russia,2015-2020,5.76
n151,Rwanda,2015-2020,29.18
n152,Saint Lucia,2015-2020,12.49
n153,Saint Vincent and the Grenadines,2015-2020,14.65
n154,Samoa,2015-2020,13.45
n155,São Tomé and Príncipe,2015-2020,26.42
n156,Saudi Arabia,2015-2020,6.31
n157,Senegal,2015-2020,32.75
n158,Serbia,2015-2020,4.9
n159,Seychelles,2015-2020,10.87
n160,Sierra Leone,2015-2020,80.77
n161,Singapore,2015-2020,1.63
n162,Slovakia,2015-2020,4.76
n163,Slovenia,2015-2020,1.87
n164,Solomon Islands,2015-2020,15.46
n165,Somalia,2015-2020,69.31
n166,South Africa,2015-2020,27.24
n167,South Korea,2015-2020,2.11
n168,South Sudan,2015-2020,64.36
n169,Spain,2015-2020,2.35
n170,Sri Lanka,2015-2020,7.57
n171,Sudan,2015-2020,42.86
n172,Suriname,2015-2020,17.49
n173,Sweden,2015-2020,2.04
n174,Switzerland,2015-2020,3.37
n175,Syria,2015-2020,15.54
n176,Taiwan,2015-2020,3.71
n177,Tajikistan,2015-2020,29.26
n178,Tanzania,2015-2020,41.21
n179,Thailand,2015-2020,7.75
n180,Timor-Leste,2015-2020,37.34
n181,Togo,2015-2020,49.68
n182,Tonga,2015-2020,12.54
n183,Trinidad and Tobago,2015-2020,21.98
n184,Tunisia,2015-2020,12.68
n185,Turkey,2015-2020,8.9
n186,Turkmenistan,2015-2020,43.28
n187,U.S. Virgin Islands (US),2015-2020,8.16
n188,Uganda,2015-2020,46.15
n189,Ukraine,2015-2020,7.2
n190,United Arab Emirates,2015-2020,5.52
n191,United Kingdom,2015-2020,3.76
n192,United States,2015-2020,5.82
n193,Uruguay,2015-2020,8.7
n194,Uzbekistan,2015-2020,20.83
n195,Vanuatu,2015-2020,22.38
n196,Venezuela,2015-2020,25.7
n197,Vietnam,2015-2020,16.71
n198,Western Sahara (disputed),2015-2020,28.78
n199,Yemen,2015-2020,43.23
n200,Zambia,2015-2020,45.61
n201,Zimbabwe,2015-2020,38.74