prescription,source,deviation
P01,on-site,-4.56
P02,conventional,-0.38
P03,on-site,0.13
P04,conventional,-2.53
P05,conventional,-0.71
P06,conventional,-2.51
P07,conventional,0.66
P08,conventional,-1.6
P09,conventional,-1.4
P10,conventional,-1.92
P11,conventional,-0.28
P12,conventional,-2.31
P13,on-site,-1.52
P14,on-site,-1.07
P15,on-site,-0.84
P16,conventional,0.18
P17,conventional,-1.97
P18,conventional,-2.36
P19,conventional,-2.13
P20,conventional,-0.19
P21,conventional,-1.7
P22,conventional,-2.02
P23,conventional,-1.82
P24,conventional,-2.11
P25,on-site,-3.71
P26,conventional,-2.48
P27,conventional,-1.93
P28,conventional,-2.06
P29,conventional,-0.24
P30,on-site,2.05
P31,on-site,-3.49
P32,on-site,-4.12
P33,on-site,-3.45
P34,on-site,-2.15
P35,on-site,-1.84
P36,on-site,0.69
P37,conventional,0.49
P38,conventional,0.07
P39,conventional,-0.9
P40,conventional,0.54
P41,conventional,1.48
P42,conventional,-2.24
P43,conventional,-1.74
P44,conventional,-0.12
P45,on-site,-4.04
P46,conventional,-1.01
P47,conventional,-2.88
P48,conventional,-1.67
P49,on-site,-5.08
P50,conventional,-1.02
P51,conventional,0.75
P52,conventional,-0.2
P53,on-site,-3.78
P54,conventional,0.75
P55,conventional,0.51
P56,on-site,0.02
P57,on-site,-1.45
P58,on-site,-5.55
P59,conventional,-1.42
P60,on-site,0.38
P61,conventional,-0.56
P62,on-site,0.59
P63,on-site,0.87
P64,on-site,-2.81
P65,conventional,0.12
P66,on-site,-3.35
P67,on-site,-4.55
P68,on-site,-2.02
P69,conventional,-0.34
